<?xml version="1.0" encoding="UTF-8"?>
<GenRun Id="synth_1" LaunchPart="xc7z010clg400-1" LaunchTime="1664424947">
  <File Type="VDS-TIMING-PB" Name="priority_encoder_7_3_timing_summary_synth.pb"/>
  <File Type="VDS-TIMINGSUMMARY" Name="priority_encoder_7_3_timing_summary_synth.rpt"/>
  <File Type="RDS-DCP" Name="priority_encoder_7_3.dcp"/>
  <File Type="RDS-UTIL-PB" Name="priority_encoder_7_3_utilization_synth.pb"/>
  <File Type="RDS-UTIL" Name="priority_encoder_7_3_utilization_synth.rpt"/>
  <File Type="RDS-PROPCONSTRS" Name="priority_encoder_7_3_drc_synth.rpt"/>
  <File Type="RDS-RDS" Name="priority_encoder_7_3.vds"/>
  <File Type="REPORTS-TCL" Name="priority_encoder_7_3_reports.tcl"/>
  <File Type="PA-TCL" Name="priority_encoder_7_3.tcl"/>
  <FileSet Name="sources" Type="DesignSrcs" RelSrcDir="$PSRCDIR/sources_1">
    <Filter Type="Srcs"/>
    <File Path="$PSRCDIR/sources_1/new/priority_encoder_3_2.vhd">
      <FileInfo>
        <Attr Name="UsedIn" Val="synthesis"/>
        <Attr Name="UsedIn" Val="simulation"/>
      </FileInfo>
    </File>
    <File Path="$PSRCDIR/sources_1/new/priority_encoder_7_3.vhd">
      <FileInfo>
        <Attr Name="UsedIn" Val="synthesis"/>
        <Attr Name="UsedIn" Val="simulation"/>
      </FileInfo>
    </File>
    <File Path="$PSRCDIR/sources_1/bd/design_1/design_1.bd">
      <FileInfo>
        <Attr Name="AutoDisabled" Val="1"/>
        <Attr Name="UsedIn" Val="synthesis"/>
        <Attr Name="UsedIn" Val="implementation"/>
        <Attr Name="UsedIn" Val="simulation"/>
      </FileInfo>
    </File>
    <Config>
      <Option Name="DesignMode" Val="RTL"/>
      <Option Name="TopModule" Val="priority_encoder_7_3"/>
      <Option Name="TopAutoSet" Val="TRUE"/>
    </Config>
  </FileSet>
  <FileSet Name="constrs_in" Type="Constrs" RelSrcDir="$PSRCDIR/constrs_1">
    <Filter Type="Constrs"/>
    <File Path="$PPRDIR/../constraintFiles/Lab1/Zybo-Z7-Master.xdc">
      <FileInfo>
        <Attr Name="UsedIn" Val="synthesis"/>
        <Attr Name="UsedIn" Val="implementation"/>
      </FileInfo>
    </File>
    <Config>
      <Option Name="ConstrsType" Val="XDC"/>
    </Config>
  </FileSet>
  <FileSet Name="utils" Type="Utils" RelSrcDir="$PSRCDIR/utils_1">
    <Filter Type="Utils"/>
    <Config>
      <Option Name="TopAutoSet" Val="TRUE"/>
    </Config>
  </FileSet>
  <Strategy Version="1" Minor="2">
    <StratHandle Name="Vivado Synthesis Defaults" Flow="Vivado Synthesis 2020"/>
    <Step Id="synth_design"/>
  </Strategy>
</GenRun>
